maker,name,price
NEC エヌイーシー,PC-A2335BAB [デスクトップパソコン 23.8型/Core i3-10110U/メモリ 8GB/SSD 512GB/Windows 10 Home 64bit/Microsoft Office Home ＆ Business 2019/ブラック],"￥137,280"
NEC エヌイーシー,PC-A2335BAB [デスクトップパソコン 23.8型/Core i3-10110U/メモリ 8GB/SSD 512GB/Windows 10 Home 64bit/Microsoft Office Home ＆ Business 2019/ブラック],"￥137,280"
NEC エヌイーシー,PC-A2335BAB [デスクトップパソコン 23.8型/Core i3-10110U/メモリ 8GB/SSD 512GB/Windows 10 Home 64bit/Microsoft Office Home ＆ Business 2019/ブラック],"￥137,280"
NEC エヌイーシー,PC-A2335BAB [デスクトップパソコン 23.8型/Core i3-10110U/メモリ 8GB/SSD 512GB/Windows 10 Home 64bit/Microsoft Office Home ＆ Business 2019/ブラック],"￥137,280"
NEC エヌイーシー,PC-A2335BAB [デスクトップパソコン 23.8型/Core i3-10110U/メモリ 8GB/SSD 512GB/Windows 10 Home 64bit/Microsoft Office Home ＆ Business 2019/ブラック],"￥137,280"
NEC エヌイーシー,PC-A2335BAB [デスクトップパソコン 23.8型/Core i3-10110U/メモリ 8GB/SSD 512GB/Windows 10 Home 64bit/Microsoft Office Home ＆ Business 2019/ブラック],"￥137,280"
NEC エヌイーシー,PC-A2335BAB [デスクトップパソコン 23.8型/Core i3-10110U/メモリ 8GB/SSD 512GB/Windows 10 Home 64bit/Microsoft Office Home ＆ Business 2019/ブラック],"￥137,280"
NEC エヌイーシー,PC-A2335BAB [デスクトップパソコン 23.8型/Core i3-10110U/メモリ 8GB/SSD 512GB/Windows 10 Home 64bit/Microsoft Office Home ＆ Business 2019/ブラック],"￥137,280"
NEC エヌイーシー,PC-A2335BAB [デスクトップパソコン 23.8型/Core i3-10110U/メモリ 8GB/SSD 512GB/Windows 10 Home 64bit/Microsoft Office Home ＆ Business 2019/ブラック],"￥137,280"
NEC エヌイーシー,PC-A2335BAB [デスクトップパソコン 23.8型/Core i3-10110U/メモリ 8GB/SSD 512GB/Windows 10 Home 64bit/Microsoft Office Home ＆ Business 2019/ブラック],"￥137,280"
NEC エヌイーシー,PC-A2335BAB [デスクトップパソコン 23.8型/Core i3-10110U/メモリ 8GB/SSD 512GB/Windows 10 Home 64bit/Microsoft Office Home ＆ Business 2019/ブラック],"￥137,280"
NEC エヌイーシー,PC-A2335BAB [デスクトップパソコン 23.8型/Core i3-10110U/メモリ 8GB/SSD 512GB/Windows 10 Home 64bit/Microsoft Office Home ＆ Business 2019/ブラック],"￥137,280"
NEC エヌイーシー,PC-A2335BAB [デスクトップパソコン 23.8型/Core i3-10110U/メモリ 8GB/SSD 512GB/Windows 10 Home 64bit/Microsoft Office Home ＆ Business 2019/ブラック],"￥137,280"
NEC エヌイーシー,PC-A2335BAB [デスクトップパソコン 23.8型/Core i3-10110U/メモリ 8GB/SSD 512GB/Windows 10 Home 64bit/Microsoft Office Home ＆ Business 2019/ブラック],"￥137,280"
NEC エヌイーシー,PC-A2335BAB [デスクトップパソコン 23.8型/Core i3-10110U/メモリ 8GB/SSD 512GB/Windows 10 Home 64bit/Microsoft Office Home ＆ Business 2019/ブラック],"￥137,280"
NEC エヌイーシー,PC-A2335BAB [デスクトップパソコン 23.8型/Core i3-10110U/メモリ 8GB/SSD 512GB/Windows 10 Home 64bit/Microsoft Office Home ＆ Business 2019/ブラック],"￥137,280"
NEC エヌイーシー,PC-A2335BAB [デスクトップパソコン 23.8型/Core i3-10110U/メモリ 8GB/SSD 512GB/Windows 10 Home 64bit/Microsoft Office Home ＆ Business 2019/ブラック],"￥137,280"
NEC エヌイーシー,PC-A2335BAB [デスクトップパソコン 23.8型/Core i3-10110U/メモリ 8GB/SSD 512GB/Windows 10 Home 64bit/Microsoft Office Home ＆ Business 2019/ブラック],"￥137,280"
NEC エヌイーシー,PC-A2335BAB [デスクトップパソコン 23.8型/Core i3-10110U/メモリ 8GB/SSD 512GB/Windows 10 Home 64bit/Microsoft Office Home ＆ Business 2019/ブラック],"￥137,280"
NEC エヌイーシー,PC-A2335BAB [デスクトップパソコン 23.8型/Core i3-10110U/メモリ 8GB/SSD 512GB/Windows 10 Home 64bit/Microsoft Office Home ＆ Business 2019/ブラック],"￥137,280"
NEC エヌイーシー,PC-A2335BAB [デスクトップパソコン 23.8型/Core i3-10110U/メモリ 8GB/SSD 512GB/Windows 10 Home 64bit/Microsoft Office Home ＆ Business 2019/ブラック],"￥137,280"
NEC エヌイーシー,PC-A2335BAB [デスクトップパソコン 23.8型/Core i3-10110U/メモリ 8GB/SSD 512GB/Windows 10 Home 64bit/Microsoft Office Home ＆ Business 2019/ブラック],"￥137,280"
NEC エヌイーシー,PC-A2335BAB [デスクトップパソコン 23.8型/Core i3-10110U/メモリ 8GB/SSD 512GB/Windows 10 Home 64bit/Microsoft Office Home ＆ Business 2019/ブラック],"￥137,280"
NEC エヌイーシー,PC-A2335BAB [デスクトップパソコン 23.8型/Core i3-10110U/メモリ 8GB/SSD 512GB/Windows 10 Home 64bit/Microsoft Office Home ＆ Business 2019/ブラック],"￥137,280"
NEC エヌイーシー,PC-A2335BAB [デスクトップパソコン 23.8型/Core i3-10110U/メモリ 8GB/SSD 512GB/Windows 10 Home 64bit/Microsoft Office Home ＆ Business 2019/ブラック],"￥137,280"
NEC エヌイーシー,PC-A2335BAB [デスクトップパソコン 23.8型/Core i3-10110U/メモリ 8GB/SSD 512GB/Windows 10 Home 64bit/Microsoft Office Home ＆ Business 2019/ブラック],"￥137,280"
NEC エヌイーシー,PC-A2335BAB [デスクトップパソコン 23.8型/Core i3-10110U/メモリ 8GB/SSD 512GB/Windows 10 Home 64bit/Microsoft Office Home ＆ Business 2019/ブラック],"￥137,280"
NEC エヌイーシー,PC-A2335BAB [デスクトップパソコン 23.8型/Core i3-10110U/メモリ 8GB/SSD 512GB/Windows 10 Home 64bit/Microsoft Office Home ＆ Business 2019/ブラック],"￥137,280"
NEC エヌイーシー,PC-A2335BAB [デスクトップパソコン 23.8型/Core i3-10110U/メモリ 8GB/SSD 512GB/Windows 10 Home 64bit/Microsoft Office Home ＆ Business 2019/ブラック],"￥137,280"
NEC エヌイーシー,PC-A2335BAB [デスクトップパソコン 23.8型/Core i3-10110U/メモリ 8GB/SSD 512GB/Windows 10 Home 64bit/Microsoft Office Home ＆ Business 2019/ブラック],"￥137,280"
NEC エヌイーシー,PC-A2335BAB [デスクトップパソコン 23.8型/Core i3-10110U/メモリ 8GB/SSD 512GB/Windows 10 Home 64bit/Microsoft Office Home ＆ Business 2019/ブラック],"￥137,280"
NEC エヌイーシー,PC-A2335BAB [デスクトップパソコン 23.8型/Core i3-10110U/メモリ 8GB/SSD 512GB/Windows 10 Home 64bit/Microsoft Office Home ＆ Business 2019/ブラック],"￥137,280"
NEC エヌイーシー,PC-A2335BAB [デスクトップパソコン 23.8型/Core i3-10110U/メモリ 8GB/SSD 512GB/Windows 10 Home 64bit/Microsoft Office Home ＆ Business 2019/ブラック],"￥137,280"
NEC エヌイーシー,PC-A2335BAB [デスクトップパソコン 23.8型/Core i3-10110U/メモリ 8GB/SSD 512GB/Windows 10 Home 64bit/Microsoft Office Home ＆ Business 2019/ブラック],"￥137,280"
NEC エヌイーシー,PC-A2335BAB [デスクトップパソコン 23.8型/Core i3-10110U/メモリ 8GB/SSD 512GB/Windows 10 Home 64bit/Microsoft Office Home ＆ Business 2019/ブラック],"￥137,280"
NEC エヌイーシー,PC-A2335BAB [デスクトップパソコン 23.8型/Core i3-10110U/メモリ 8GB/SSD 512GB/Windows 10 Home 64bit/Microsoft Office Home ＆ Business 2019/ブラック],"￥137,280"
NEC エヌイーシー,PC-A2335BAB [デスクトップパソコン 23.8型/Core i3-10110U/メモリ 8GB/SSD 512GB/Windows 10 Home 64bit/Microsoft Office Home ＆ Business 2019/ブラック],"￥137,280"
NEC エヌイーシー,PC-A2335BAB [デスクトップパソコン 23.8型/Core i3-10110U/メモリ 8GB/SSD 512GB/Windows 10 Home 64bit/Microsoft Office Home ＆ Business 2019/ブラック],"￥137,280"
NEC エヌイーシー,PC-A2335BAB [デスクトップパソコン 23.8型/Core i3-10110U/メモリ 8GB/SSD 512GB/Windows 10 Home 64bit/Microsoft Office Home ＆ Business 2019/ブラック],"￥137,280"
NEC エヌイーシー,PC-A2335BAB [デスクトップパソコン 23.8型/Core i3-10110U/メモリ 8GB/SSD 512GB/Windows 10 Home 64bit/Microsoft Office Home ＆ Business 2019/ブラック],"￥137,280"
NEC エヌイーシー,PC-A2335BAB [デスクトップパソコン 23.8型/Core i3-10110U/メモリ 8GB/SSD 512GB/Windows 10 Home 64bit/Microsoft Office Home ＆ Business 2019/ブラック],"￥137,280"
NEC エヌイーシー,PC-A2335BAB [デスクトップパソコン 23.8型/Core i3-10110U/メモリ 8GB/SSD 512GB/Windows 10 Home 64bit/Microsoft Office Home ＆ Business 2019/ブラック],"￥137,280"
NEC エヌイーシー,PC-A2335BAB [デスクトップパソコン 23.8型/Core i3-10110U/メモリ 8GB/SSD 512GB/Windows 10 Home 64bit/Microsoft Office Home ＆ Business 2019/ブラック],"￥137,280"
NEC エヌイーシー,PC-A2335BAB [デスクトップパソコン 23.8型/Core i3-10110U/メモリ 8GB/SSD 512GB/Windows 10 Home 64bit/Microsoft Office Home ＆ Business 2019/ブラック],"￥137,280"
NEC エヌイーシー,PC-A2335BAB [デスクトップパソコン 23.8型/Core i3-10110U/メモリ 8GB/SSD 512GB/Windows 10 Home 64bit/Microsoft Office Home ＆ Business 2019/ブラック],"￥137,280"
NEC エヌイーシー,PC-A2335BAB [デスクトップパソコン 23.8型/Core i3-10110U/メモリ 8GB/SSD 512GB/Windows 10 Home 64bit/Microsoft Office Home ＆ Business 2019/ブラック],"￥137,280"
NEC エヌイーシー,PC-A2335BAB [デスクトップパソコン 23.8型/Core i3-10110U/メモリ 8GB/SSD 512GB/Windows 10 Home 64bit/Microsoft Office Home ＆ Business 2019/ブラック],"￥137,280"
NEC エヌイーシー,PC-A2335BAB [デスクトップパソコン 23.8型/Core i3-10110U/メモリ 8GB/SSD 512GB/Windows 10 Home 64bit/Microsoft Office Home ＆ Business 2019/ブラック],"￥137,280"
ミニズフォーラム MINISFORUM,N40-4/64-W10Pro（N4020） [小型デスクトップパソコン/CPU：Intel Celeron Processor N4020/メモリ：4GB/ストレージ：eMMC 64GB/Windows 10 Pro 64bit],"￥21,780"
ミニズフォーラム MINISFORUM,N40-4/64-W10Pro（N4020） [小型デスクトップパソコン/CPU：Intel Celeron Processor N4020/メモリ：4GB/ストレージ：eMMC 64GB/Windows 10 Pro 64bit],"￥21,780"
ミニズフォーラム MINISFORUM,N40-4/64-W10Pro（N4020） [小型デスクトップパソコン/CPU：Intel Celeron Processor N4020/メモリ：4GB/ストレージ：eMMC 64GB/Windows 10 Pro 64bit],"￥21,780"
ミニズフォーラム MINISFORUM,N40-4/64-W10Pro（N4020） [小型デスクトップパソコン/CPU：Intel Celeron Processor N4020/メモリ：4GB/ストレージ：eMMC 64GB/Windows 10 Pro 64bit],"￥21,780"
ミニズフォーラム MINISFORUM,N40-4/64-W10Pro（N4020） [小型デスクトップパソコン/CPU：Intel Celeron Processor N4020/メモリ：4GB/ストレージ：eMMC 64GB/Windows 10 Pro 64bit],"￥21,780"
ミニズフォーラム MINISFORUM,N40-4/64-W10Pro（N4020） [小型デスクトップパソコン/CPU：Intel Celeron Processor N4020/メモリ：4GB/ストレージ：eMMC 64GB/Windows 10 Pro 64bit],"￥21,780"
ミニズフォーラム MINISFORUM,N40-4/64-W10Pro（N4020） [小型デスクトップパソコン/CPU：Intel Celeron Processor N4020/メモリ：4GB/ストレージ：eMMC 64GB/Windows 10 Pro 64bit],"￥21,780"
ミニズフォーラム MINISFORUM,N40-4/64-W10Pro（N4020） [小型デスクトップパソコン/CPU：Intel Celeron Processor N4020/メモリ：4GB/ストレージ：eMMC 64GB/Windows 10 Pro 64bit],"￥21,780"
ミニズフォーラム MINISFORUM,N40-4/64-W10Pro（N4020） [小型デスクトップパソコン/CPU：Intel Celeron Processor N4020/メモリ：4GB/ストレージ：eMMC 64GB/Windows 10 Pro 64bit],"￥21,780"
ミニズフォーラム MINISFORUM,N40-4/64-W10Pro（N4020） [小型デスクトップパソコン/CPU：Intel Celeron Processor N4020/メモリ：4GB/ストレージ：eMMC 64GB/Windows 10 Pro 64bit],"￥21,780"
ミニズフォーラム MINISFORUM,N40-4/64-W10Pro（N4020） [小型デスクトップパソコン/CPU：Intel Celeron Processor N4020/メモリ：4GB/ストレージ：eMMC 64GB/Windows 10 Pro 64bit],"￥21,780"
ミニズフォーラム MINISFORUM,N40-4/64-W10Pro（N4020） [小型デスクトップパソコン/CPU：Intel Celeron Processor N4020/メモリ：4GB/ストレージ：eMMC 64GB/Windows 10 Pro 64bit],"￥21,780"
ミニズフォーラム MINISFORUM,N40-4/64-W10Pro（N4020） [小型デスクトップパソコン/CPU：Intel Celeron Processor N4020/メモリ：4GB/ストレージ：eMMC 64GB/Windows 10 Pro 64bit],"￥21,780"
ミニズフォーラム MINISFORUM,N40-4/64-W10Pro（N4020） [小型デスクトップパソコン/CPU：Intel Celeron Processor N4020/メモリ：4GB/ストレージ：eMMC 64GB/Windows 10 Pro 64bit],"￥21,780"
ミニズフォーラム MINISFORUM,N40-4/64-W10Pro（N4020） [小型デスクトップパソコン/CPU：Intel Celeron Processor N4020/メモリ：4GB/ストレージ：eMMC 64GB/Windows 10 Pro 64bit],"￥21,780"
ミニズフォーラム MINISFORUM,N40-4/64-W10Pro（N4020） [小型デスクトップパソコン/CPU：Intel Celeron Processor N4020/メモリ：4GB/ストレージ：eMMC 64GB/Windows 10 Pro 64bit],"￥21,780"
ミニズフォーラム MINISFORUM,N40-4/64-W10Pro（N4020） [小型デスクトップパソコン/CPU：Intel Celeron Processor N4020/メモリ：4GB/ストレージ：eMMC 64GB/Windows 10 Pro 64bit],"￥21,780"
ミニズフォーラム MINISFORUM,N40-4/64-W10Pro（N4020） [小型デスクトップパソコン/CPU：Intel Celeron Processor N4020/メモリ：4GB/ストレージ：eMMC 64GB/Windows 10 Pro 64bit],"￥21,780"
ミニズフォーラム MINISFORUM,N40-4/64-W10Pro（N4020） [小型デスクトップパソコン/CPU：Intel Celeron Processor N4020/メモリ：4GB/ストレージ：eMMC 64GB/Windows 10 Pro 64bit],"￥21,780"
ミニズフォーラム MINISFORUM,N40-4/64-W10Pro（N4020） [小型デスクトップパソコン/CPU：Intel Celeron Processor N4020/メモリ：4GB/ストレージ：eMMC 64GB/Windows 10 Pro 64bit],"￥21,780"
ミニズフォーラム MINISFORUM,N40-4/64-W10Pro（N4020） [小型デスクトップパソコン/CPU：Intel Celeron Processor N4020/メモリ：4GB/ストレージ：eMMC 64GB/Windows 10 Pro 64bit],"￥21,780"
ミニズフォーラム MINISFORUM,N40-4/64-W10Pro（N4020） [小型デスクトップパソコン/CPU：Intel Celeron Processor N4020/メモリ：4GB/ストレージ：eMMC 64GB/Windows 10 Pro 64bit],"￥21,780"
ミニズフォーラム MINISFORUM,N40-4/64-W10Pro（N4020） [小型デスクトップパソコン/CPU：Intel Celeron Processor N4020/メモリ：4GB/ストレージ：eMMC 64GB/Windows 10 Pro 64bit],"￥21,780"
ミニズフォーラム MINISFORUM,N40-4/64-W10Pro（N4020） [小型デスクトップパソコン/CPU：Intel Celeron Processor N4020/メモリ：4GB/ストレージ：eMMC 64GB/Windows 10 Pro 64bit],"￥21,780"
ミニズフォーラム MINISFORUM,N40-4/64-W10Pro（N4020） [小型デスクトップパソコン/CPU：Intel Celeron Processor N4020/メモリ：4GB/ストレージ：eMMC 64GB/Windows 10 Pro 64bit],"￥21,780"
ミニズフォーラム MINISFORUM,N40-4/64-W10Pro（N4020） [小型デスクトップパソコン/CPU：Intel Celeron Processor N4020/メモリ：4GB/ストレージ：eMMC 64GB/Windows 10 Pro 64bit],"￥21,780"
ミニズフォーラム MINISFORUM,N40-4/64-W10Pro（N4020） [小型デスクトップパソコン/CPU：Intel Celeron Processor N4020/メモリ：4GB/ストレージ：eMMC 64GB/Windows 10 Pro 64bit],"￥21,780"
ミニズフォーラム MINISFORUM,N40-4/64-W10Pro（N4020） [小型デスクトップパソコン/CPU：Intel Celeron Processor N4020/メモリ：4GB/ストレージ：eMMC 64GB/Windows 10 Pro 64bit],"￥21,780"
ミニズフォーラム MINISFORUM,N40-4/64-W10Pro（N4020） [小型デスクトップパソコン/CPU：Intel Celeron Processor N4020/メモリ：4GB/ストレージ：eMMC 64GB/Windows 10 Pro 64bit],"￥21,780"
ミニズフォーラム MINISFORUM,N40-4/64-W10Pro（N4020） [小型デスクトップパソコン/CPU：Intel Celeron Processor N4020/メモリ：4GB/ストレージ：eMMC 64GB/Windows 10 Pro 64bit],"￥21,780"
ミニズフォーラム MINISFORUM,N40-4/64-W10Pro（N4020） [小型デスクトップパソコン/CPU：Intel Celeron Processor N4020/メモリ：4GB/ストレージ：eMMC 64GB/Windows 10 Pro 64bit],"￥21,780"
ミニズフォーラム MINISFORUM,N40-4/64-W10Pro（N4020） [小型デスクトップパソコン/CPU：Intel Celeron Processor N4020/メモリ：4GB/ストレージ：eMMC 64GB/Windows 10 Pro 64bit],"￥21,780"
ミニズフォーラム MINISFORUM,N40-4/64-W10Pro（N4020） [小型デスクトップパソコン/CPU：Intel Celeron Processor N4020/メモリ：4GB/ストレージ：eMMC 64GB/Windows 10 Pro 64bit],"￥21,780"
ミニズフォーラム MINISFORUM,N40-4/64-W10Pro（N4020） [小型デスクトップパソコン/CPU：Intel Celeron Processor N4020/メモリ：4GB/ストレージ：eMMC 64GB/Windows 10 Pro 64bit],"￥21,780"
ミニズフォーラム MINISFORUM,N40-4/64-W10Pro（N4020） [小型デスクトップパソコン/CPU：Intel Celeron Processor N4020/メモリ：4GB/ストレージ：eMMC 64GB/Windows 10 Pro 64bit],"￥21,780"
ミニズフォーラム MINISFORUM,N40-4/64-W10Pro（N4020） [小型デスクトップパソコン/CPU：Intel Celeron Processor N4020/メモリ：4GB/ストレージ：eMMC 64GB/Windows 10 Pro 64bit],"￥21,780"
ミニズフォーラム MINISFORUM,N40-4/64-W10Pro（N4020） [小型デスクトップパソコン/CPU：Intel Celeron Processor N4020/メモリ：4GB/ストレージ：eMMC 64GB/Windows 10 Pro 64bit],"￥21,780"
ミニズフォーラム MINISFORUM,N40-4/64-W10Pro（N4020） [小型デスクトップパソコン/CPU：Intel Celeron Processor N4020/メモリ：4GB/ストレージ：eMMC 64GB/Windows 10 Pro 64bit],"￥21,780"
ミニズフォーラム MINISFORUM,N40-4/64-W10Pro（N4020） [小型デスクトップパソコン/CPU：Intel Celeron Processor N4020/メモリ：4GB/ストレージ：eMMC 64GB/Windows 10 Pro 64bit],"￥21,780"
ミニズフォーラム MINISFORUM,N40-4/64-W10Pro（N4020） [小型デスクトップパソコン/CPU：Intel Celeron Processor N4020/メモリ：4GB/ストレージ：eMMC 64GB/Windows 10 Pro 64bit],"￥21,780"
ミニズフォーラム MINISFORUM,N40-4/64-W10Pro（N4020） [小型デスクトップパソコン/CPU：Intel Celeron Processor N4020/メモリ：4GB/ストレージ：eMMC 64GB/Windows 10 Pro 64bit],"￥21,780"
ミニズフォーラム MINISFORUM,N40-4/64-W10Pro（N4020） [小型デスクトップパソコン/CPU：Intel Celeron Processor N4020/メモリ：4GB/ストレージ：eMMC 64GB/Windows 10 Pro 64bit],"￥21,780"
ミニズフォーラム MINISFORUM,N40-4/64-W10Pro（N4020） [小型デスクトップパソコン/CPU：Intel Celeron Processor N4020/メモリ：4GB/ストレージ：eMMC 64GB/Windows 10 Pro 64bit],"￥21,780"
ミニズフォーラム MINISFORUM,N40-4/64-W10Pro（N4020） [小型デスクトップパソコン/CPU：Intel Celeron Processor N4020/メモリ：4GB/ストレージ：eMMC 64GB/Windows 10 Pro 64bit],"￥21,780"
ミニズフォーラム MINISFORUM,N40-4/64-W10Pro（N4020） [小型デスクトップパソコン/CPU：Intel Celeron Processor N4020/メモリ：4GB/ストレージ：eMMC 64GB/Windows 10 Pro 64bit],"￥21,780"
ミニズフォーラム MINISFORUM,N40-4/64-W10Pro（N4020） [小型デスクトップパソコン/CPU：Intel Celeron Processor N4020/メモリ：4GB/ストレージ：eMMC 64GB/Windows 10 Pro 64bit],"￥21,780"
ミニズフォーラム MINISFORUM,N40-4/64-W10Pro（N4020） [小型デスクトップパソコン/CPU：Intel Celeron Processor N4020/メモリ：4GB/ストレージ：eMMC 64GB/Windows 10 Pro 64bit],"￥21,780"
ミニズフォーラム MINISFORUM,N40-4/64-W10Pro（N4020） [小型デスクトップパソコン/CPU：Intel Celeron Processor N4020/メモリ：4GB/ストレージ：eMMC 64GB/Windows 10 Pro 64bit],"￥21,780"
アップル Apple,Apple iMac 27インチ 第10世代Intel Core i9プロセッサ Radeon Pro 5300 カスタマイズモデル（CTO）,"￥293,480"
アップル Apple,Apple iMac 27インチ 第10世代Intel Core i9プロセッサ Radeon Pro 5300 カスタマイズモデル（CTO）,"￥293,480"
アップル Apple,Apple iMac 27インチ 第10世代Intel Core i9プロセッサ Radeon Pro 5300 カスタマイズモデル（CTO）,"￥293,480"
アップル Apple,Apple iMac 27インチ 第10世代Intel Core i9プロセッサ Radeon Pro 5300 カスタマイズモデル（CTO）,"￥293,480"
アップル Apple,Apple iMac 27インチ 第10世代Intel Core i9プロセッサ Radeon Pro 5300 カスタマイズモデル（CTO）,"￥293,480"
アップル Apple,Apple iMac 27インチ 第10世代Intel Core i9プロセッサ Radeon Pro 5300 カスタマイズモデル（CTO）,"￥293,480"
アップル Apple,Apple iMac 27インチ 第10世代Intel Core i9プロセッサ Radeon Pro 5300 カスタマイズモデル（CTO）,"￥293,480"
